Conda;Anna;AnnaConda@sio.jjr.fr;AConda
Gramme;Anna;AnnaGramme@sio.jjr.fr;AGramme
Show;Arty;ArtyShow@sio.jjr.fr;AShow
Boréal;Aurore;AuroreBoréal@sio.jjr.fr;ABoréal
Sonjoli;Axelle;AxelleSonjoli@sio.jjr.fr;ASonjoli
Ohazar;Balthazar;BalthazarOhazar@sio.jjr.fr;BOhazar
de Koch;Basile;Basilede Koch@sio.jjr.fr;Bde Koch
Pacher;Bonaparte;BonapartePacher@sio.jjr.fr;BPacher
Glace;Brice;BriceGlace@sio.jjr.fr;BGlace
Nulpart;Carmen;CarmenNulpart@sio.jjr.fr;CNulpart
Trophob;Claus;ClausTrophob@sio.jjr.fr;CTrophob
Molette;Cléa;CléaMolette@sio.jjr.fr;CMolette
Sil;Cody;CodySil@sio.jjr.fr;CSil
Rondi;Deborah;DeborahRondi@sio.jjr.fr;DRondi
Épi;Fany;FanyÉpi@sio.jjr.fr;FÉpi
Passy;Flore;FlorePassy@sio.jjr.fr;FPassy
Citon;Garry;GarryCiton@sio.jjr.fr;GCiton
Mer;Gérard;GérardMer@sio.jjr.fr;GMer
Monlatin;Gilbert;GilbertMonlatin@sio.jjr.fr;GMonlatin
de Michelin;Guy;Guyde Michelin@sio.jjr.fr;Gde Michelin
Ness;Guy;GuyNess@sio.jjr.fr;GNess
Dehun;Hélène;HélèneDehun@sio.jjr.fr;HDehun
Sarav;Igor;IgorSarav@sio.jjr.fr;ISarav
Lepoisson;Ivanhoé;IvanhoéLepoisson@sio.jjr.fr;ILepoisson
Tretou;Jean-Régis;Jean-RégisTretou@sio.jjr.fr;JTretou
Calva;Justin;JustinCalva@sio.jjr.fr;JCalva
Page;Marc;MarcPage@sio.jjr.fr;MPage
Tim;Marie;MarieTim@sio.jjr.fr;MTim
Cambronne;Maude;MaudeCambronne@sio.jjr.fr;MCambronne
Enroute;Mélodie;MélodieEnroute@sio.jjr.fr;MEnroute
Archi;Sue;SueArchi@sio.jjr.fr;SArchi
Incoufin;Pat;PatIncoufin@sio.jjr.fr;PIncoufin
